{

    "type":"object",
	"required":true,
	"additionalProperties":false,
    "properties": {

        "version": {
            "type":"string",
            "required":true,
			"minLength":1,
			"enum":["1.1"]
        },
        "serie": {
            "type":"string",
            "required":false,
			"minLength":1
        },
        "folio": {
            "type":"string",
            "required":false,
			"minLength":1
        },
        "fecha": {
            "type":"string",
            "required":true,
			"minLength":1
        },
        "sello": {
            "type":"string",
            "required":false,
			"minLength":1
        },
        "formaDePago": {
            "type":"string",
            "required":true,
			"minLength":1
        },
        "noCertificado": {
            "type":"string",
            "required":false,
			"minLength":1
        },
        "certificado": {
            "type":"string",
            "required":false,
			"minLength":1
        },
        "condicionesDePago": {
            "type":"string",
            "required":false,
			"minLength":1
        },
        "subTotal": {
            "type":"number",
            "required":true
        },
        "descuento": {
            "type":"number",
            "required":false
        },
        "motivoDescuento": {
            "type":"string",
            "required":false,
			"minLength":1
        },
        "TipoCambio": {
            "type":"string",
            "required":false,
			"minLength":1
        },
        "Moneda": {
            "type":"string",
            "required":false,
			"minLength":1
        },
        "total": {
            "type":"number",
            "required":true
        },
        "tipoDeComprobante": {
            "type":"string",
            "required":true,
			"minLength":1
        },
        "metodoDePago": {
            "type":"string",
            "required":true,
			"minLength":1
        },
        "LugarExpedicion": {
            "type":"string",
            "required":true,
			"minLength":1
        },
        "NumCtaPago": {
            "type":"string",
            "required":false,
			"minLength":1
        },
        "FolioFiscalOrig": {
            "type":"string",
            "required":false,
			"minLength":1
        },
        "SerieFolioFiscalOrig": {
            "type":"string",
            "required":false,
			"minLength":1
        },
        "FechaFolioFiscalOrig": {
            "type":"string",
            "required":false,
			"minLength":1
        },
        "MontoFolioFiscalOrig": {
            "type":"number",
            "required":false
        },
		"cfdi:Emisor":{

			"type":"object",
			"required":true,
			"additionalProperties":false,
			"properties": {

				"rfc": {
					"type":"string",
					"required":true,
					"minLength":1
				},
				"nombre": {
					"type":"string",
					"required":false,
					"minLength":1
				},
				"cfdi:ExpedidoEn": {

					"type":"object",
					"required":false,
					"additionalProperties":false,
					"properties": {

						"calle": {
							"type":"string",
							"required":false,
							"minLength":1
						},
						"noExterior": {
							"type":"string",
							"required":false,
							"minLength":1
						},
						"noInterior": {
							"type":"string",
							"required":false,
							"minLength":1
						},
						"colonia": {
							"type":"string",
							"required":false,
							"minLength":1
						},
						"localidad": {
							"type":"string",
							"required":false,
							"minLength":1
						},
						"referencia": {
							"type":"string",
							"required":false,
							"minLength":1
						},
						"municipio": {
							"type":"string",
							"required":false,
							"minLength":1
						},
						"estado": {
							"type":"string",
							"required":false,
							"minLength":1
						},
						"pais": {
							"type":"string",
							"required":true,
							"minLength":1
						},
						"codigoPostal": {
							"type":"string",
							"required":false,
							"minLength":1
						}

					}

				},
				"cfdi:RegimenFiscal":{

					"type":"array",
					"required":true,
					"additionalProperties":false,
					"items": {

						"type":"object",
						"required":true,
						"additionalProperties":false,
						"properties": {

							"Regimen": {
								"type":"string",
								"required":true,
								"minLength":1
							}

						}

					},
					"minItems":1

				}

			}

		},
		"cfdi:Receptor":{

			"type":"object",
			"required":true,
			"additionalProperties":false,
			"properties": {

				"rfc": {
					"type":"string",
					"required":true,
					"minLength":1
				},
				"nombre": {
					"type":"string",
					"required":false,
					"minLength":1
				},
				"cfdi:Domicilio": {

					"type":"object",
					"required":false,
					"additionalProperties":false,
					"properties": {

						"calle": {
							"type":"string",
							"required":false,
							"minLength":1
						},
						"noExterior": {
							"type":"string",
							"required":false,
							"minLength":1
						},
						"noInterior": {
							"type":"string",
							"required":false,
							"minLength":1
						},
						"colonia": {
							"type":"string",
							"required":false,
							"minLength":1
						},
						"localidad": {
							"type":"string",
							"required":false,
							"minLength":1
						},
						"referencia": {
							"type":"string",
							"required":false,
							"minLength":1
						},
						"municipio": {
							"type":"string",
							"required":false,
							"minLength":1
						},
						"estado": {
							"type":"string",
							"required":false,
							"minLength":1
						},
						"pais": {
							"type":"string",
							"required":true,
							"minLength":1
						},
						"codigoPostal": {
							"type":"string",
							"required":false,
							"minLength":1
						}

					}

				}

			}

		},

        "cfdi:Complemento": {
            "type":"any",
            "required":false
        },

	}

}